file,rows,pos,click_rate
test_00.parquet,625000,288720,0.461952
test_01.parquet,625000,288719,0.4619504
test_02.parquet,625000,289179,0.4626864
test_03.parquet,625000,289332,0.4629312
test_04.parquet,625000,289347,0.4629552
test_05.parquet,625000,288846,0.4621536
test_06.parquet,625000,288792,0.4620672
test_07.parquet,625000,288857,0.4621712
